{"Episode": 9999, "Epsilon": 0.0996820918179746, "Total Reward": 0.0, "_timestamp": 1698754452.9451728, "_runtime": 30.198245763778687, "_step": 9999, "_wandb": {"runtime": 29}}