{"Episode": 2, "Epsilon": 0.9997, "Total Reward": -1.1199999999999999, "_timestamp": 1698768162.2594137, "_runtime": 17.95933961868286, "_step": 2, "_wandb": {"runtime": 107}}