{"Episode": 9999, "Epsilon": 1.0, "Total Reward": 0.0, "_timestamp": 1698754702.2559054, "_runtime": 49.246063470840454, "_step": 9999, "_wandb": {"runtime": 48}}