{"Episode": 111, "Epsilon": 0.9888000000000012, "Total Reward": -1.06, "_timestamp": 1698767923.2599204, "_runtime": 484.77024936676025, "_step": 111, "_wandb": {"runtime": 485}}