{"Episode": 156, "Epsilon": 0.0001, "Total Reward": 0.0, "_timestamp": 1698756095.4813392, "_runtime": 318.4466242790222, "_step": 156}