{"Episode": 92, "Epsilon": 1.0, "Total Reward": -1.1099999999999999, "_timestamp": 1698783165.9298222, "_runtime": 687.3421370983124, "_step": 92}