{"Episode": 9999, "Epsilon": 0.009900000000093813, "Total Reward": 1.0, "_timestamp": 1698756736.4024699, "_runtime": 15.350369930267334, "_step": 9999, "_wandb": {"runtime": 17}}