{"Episode": 1042, "Epsilon": 0.8957000000000115, "Total Reward": -1.29, "_timestamp": 1698779480.2708385, "_runtime": 5108.938280582428, "_step": 1042, "_wandb": {"runtime": 8100}}