{"Episode": 9999, "Epsilon": 0.009900000000093813, "Total Reward": 0.87, "_timestamp": 1698762607.1691058, "_runtime": 17.153295755386353, "_step": 9999, "_wandb": {"runtime": 17}}