{"Episode": 9999, "Epsilon": 0.009900000000093813, "Total Reward": -0.1500000000000008, "Temperature": 1.0, "_timestamp": 1698788180.139283, "_runtime": 21.710043907165527, "_step": 9999, "_wandb": {"runtime": 21}}