{"Episode": 999, "Epsilon": 0.0996820918179746, "Total Reward": 0.0, "_timestamp": 1698754097.2414112, "_runtime": 1244.9052562713623, "_step": 999, "_wandb": {"runtime": 14}}