{"Episode": 9999, "Epsilon": 1.0, "Total Reward": -0.12000000000000077, "Temperature": 0.00998645168764533, "_timestamp": 1698788126.4572608, "_runtime": 71.40182375907898, "_step": 9999, "_wandb": {"runtime": 70}}