{"Episode": 9999, "Epsilon": 1.0, "Total Reward": 0.85, "Temperature": 0.00998645168764533, "_timestamp": 1698763789.5428889, "_runtime": 23.47141695022583, "_step": 9999, "_wandb": {"runtime": 22}}