{"Episode": 9999, "Epsilon": 0.09990000000009565, "Total Reward": 0.0, "_timestamp": 1698756479.6674232, "_runtime": 16.107935190200806, "_step": 9999, "_wandb": {"runtime": 17}}