{"Episode": 229, "Epsilon": 0.0001, "Total Reward": 0.0, "_timestamp": 1698756429.8715253, "_runtime": 300.87767219543457, "_step": 229}