{"Episode": 9999, "Epsilon": 0.009900000000093813, "Total Reward": 0.87, "Temperature": 1.0, "_timestamp": 1698763741.368441, "_runtime": 17.439375162124634, "_step": 9999, "_wandb": {"runtime": 17}}