{"Episode": 3225, "Epsilon": 0.0996820918179746, "Total Reward": 0.0, "_timestamp": 1698754634.97076, "_runtime": 138.30108404159546, "_step": 3225}