{"Episode": 1643, "Epsilon": 0.8356000000000181, "Total Reward": -1.21, "_timestamp": 1698773884.2557924, "_runtime": 5627.587837457657, "_step": 1643}