{"Episode": 8, "Epsilon": 1.0, "Total Reward": 0.0, "_timestamp": 1698755434.93717, "_runtime": 77.31757402420044, "_step": 8, "_wandb": {"runtime": 81}}