{"Episode": 9999, "Epsilon": 0.009900000000093813, "Total Reward": 0.87, "Temperature": 1.0, "_timestamp": 1698787178.341703, "_runtime": 18.40644097328186, "_step": 9999, "_wandb": {"runtime": 17}}