{"Episode": 9999, "Epsilon": 0.009900000000093813, "Total Reward": 0.95, "_timestamp": 1698762260.2775986, "_runtime": 15.363973617553711, "_step": 9999, "_wandb": {"runtime": 16}}