{"Episode": 212, "Total Reward": -3.909999999999982, "Temperature": 0.3438081748424137, "_timestamp": 1698785436.6219501, "_runtime": 2106.762584209442, "_step": 212, "_wandb": {"runtime": 2124}}